{"cameraMode":{"drawMode":0,"name":"Shaded","section":"Shading Mode"},"sceneLighting":true,"audioPlay":false,"sceneViewState":{"showFog":true,"showMaterialUpdate":false,"showSkybox":true,"showFlares":true,"showImageEffects":true,"showParticleSystems":true},"in2DMode":false,"pivot":{"x":828.5033569335938,"y":256.6326904296875,"z":-169.41180419921876},"rotation":{"x":0.24268588423728944,"y":-0.4479121267795563,"z":0.12773768603801728,"w":0.8509784936904907},"size":220.67398071289063,"orthographic":false}