{"cameraMode":{"drawMode":0,"name":"Shaded","section":"Shading Mode"},"sceneLighting":true,"audioPlay":false,"sceneViewState":{"showFog":true,"showMaterialUpdate":false,"showSkybox":true,"showFlares":true,"showImageEffects":true,"showParticleSystems":true},"in2DMode":false,"pivot":{"x":498.2679748535156,"y":35.29999923706055,"z":359.71612548828127},"rotation":{"x":-0.025675255805253984,"y":0.47034454345703127,"z":-0.013692601583898068,"w":-0.8820048570632935},"size":30.156095504760743,"orthographic":true}