{"cameraMode":{"drawMode":0,"name":"Shaded","section":"Shading Mode"},"sceneLighting":true,"audioPlay":false,"sceneViewState":{"showFog":true,"showMaterialUpdate":false,"showSkybox":true,"showFlares":true,"showImageEffects":true,"showParticleSystems":true},"in2DMode":false,"pivot":{"x":498.2679748535156,"y":35.29999923706055,"z":359.71612548828127},"rotation":{"x":0.002179901348426938,"y":0.4167850613594055,"z":0.0009986665099859238,"w":-0.9090038537979126},"size":30.156095504760743,"orthographic":true}